{"mean":{"confidence_interval":{"confidence_level":0.95,"lower_bound":1885821235.155,"upper_bound":1955277395.9333332},"point_estimate":1919843468.2,"standard_error":17812725.97198946},"median":{"confidence_interval":{"confidence_level":0.95,"lower_bound":1861860875.3333335,"upper_bound":1969109172.6666667},"point_estimate":1930015431.3333335,"standard_error":30644529.74761275},"median_abs_dev":{"confidence_interval":{"confidence_level":0.95,"lower_bound":4346408.121135772,"upper_bound":105622851.11781943},"point_estimate":82386497.36764723,"standard_error":27607510.672580663},"slope":null,"std_dev":{"confidence_interval":{"confidence_level":0.95,"lower_bound":37002343.39955865,"upper_bound":72758511.51587638},"point_estimate":59417121.42249662,"standard_error":9412846.940224506}}