{"mean":{"confidence_interval":{"confidence_level":0.95,"lower_bound":-0.022394084331296863,"upper_bound":0.05027993330677722},"point_estimate":0.01119051280815797,"standard_error":0.018541809018637327},"median":{"confidence_interval":{"confidence_level":0.95,"lower_bound":-0.042304523498033486,"upper_bound":0.051706636733865},"point_estimate":0.010018679063460656,"standard_error":0.0237386912916998}}