{"mean":{"confidence_interval":{"confidence_level":0.95,"lower_bound":0.0757885428688053,"upper_bound":0.14573774666428985},"point_estimate":0.11031014881384338,"standard_error":0.017942190332216133},"median":{"confidence_interval":{"confidence_level":0.95,"lower_bound":0.08202083174230079,"upper_bound":0.14034458319231202},"point_estimate":0.11109827365628866,"standard_error":0.014528710139863784}}