{"mean":{"confidence_interval":{"confidence_level":0.95,"lower_bound":-0.0670201105052808,"upper_bound":0.09812052941749767},"point_estimate":0.012203651265460413,"standard_error":0.042332807913067545},"median":{"confidence_interval":{"confidence_level":0.95,"lower_bound":-0.09378155165726287,"upper_bound":0.12874301512416864},"point_estimate":0.016154452864793445,"standard_error":0.05621829631716061}}