{"mean":{"confidence_interval":{"confidence_level":0.95,"lower_bound":-0.016607357501064287,"upper_bound":0.026973562833080524},"point_estimate":0.004978689743186493,"standard_error":0.01112240699186136},"median":{"confidence_interval":{"confidence_level":0.95,"lower_bound":-0.025621701761179727,"upper_bound":0.040690903106557874},"point_estimate":0.017994197958393965,"standard_error":0.017832984441839003}}