{"mean":{"confidence_interval":{"confidence_level":0.95,"lower_bound":3766235507.935,"upper_bound":3969007201.9},"point_estimate":3861879009.7,"standard_error":52013103.64315461},"median":{"confidence_interval":{"confidence_level":0.95,"lower_bound":3759544663.5,"upper_bound":3952627476.5},"point_estimate":3844353451.0,"standard_error":43676509.60667165},"median_abs_dev":{"confidence_interval":{"confidence_level":0.95,"lower_bound":26247894.336506724,"upper_bound":278267723.13901037},"point_estimate":103914521.83874846,"standard_error":64052879.2519525},"slope":null,"std_dev":{"confidence_interval":{"confidence_level":0.95,"lower_bound":69894859.65496288,"upper_bound":238743377.62780026},"point_estimate":173393782.00975698,"standard_error":44452202.852495745}}