{"mean":{"confidence_interval":{"confidence_level":0.95,"lower_bound":-0.13303541251096254,"upper_bound":0.07961496929629519},"point_estimate":-0.03744581177063544,"standard_error":0.054556910437616866},"median":{"confidence_interval":{"confidence_level":0.95,"lower_bound":-0.157597714045146,"upper_bound":0.10993910742149104},"point_estimate":-0.07995646043845828,"standard_error":0.07650722977194685}}