{"mean":{"confidence_interval":{"confidence_level":0.95,"lower_bound":-0.08396636579041057,"upper_bound":0.10749016962665557},"point_estimate":0.003762022691307987,"standard_error":0.04877940846530233},"median":{"confidence_interval":{"confidence_level":0.95,"lower_bound":-0.07267020056607454,"upper_bound":0.12201885232443099},"point_estimate":0.020227601714977617,"standard_error":0.05210900214601959}}