{"mean":{"confidence_interval":{"confidence_level":0.95,"lower_bound":-0.08375667571756243,"upper_bound":0.012183835103117643},"point_estimate":-0.0384312662338363,"standard_error":0.024681337671890385},"median":{"confidence_interval":{"confidence_level":0.95,"lower_bound":-0.1182456462943714,"upper_bound":0.04867970217931217},"point_estimate":-0.07826713152277676,"standard_error":0.045139615917299356}}