{"mean":{"confidence_interval":{"confidence_level":0.95,"lower_bound":780461951.325238,"upper_bound":890813595.5044047},"point_estimate":841941590.3698214,"standard_error":28559741.128903177},"median":{"confidence_interval":{"confidence_level":0.95,"lower_bound":806621634.25,"upper_bound":891434389.2},"point_estimate":864343422.75,"standard_error":19156799.400278956},"median_abs_dev":{"confidence_interval":{"confidence_level":0.95,"lower_bound":9007373.362962127,"upper_bound":133810348.21080147},"point_estimate":43869770.021220945,"standard_error":30999544.603399005},"slope":{"confidence_interval":{"confidence_level":0.95,"lower_bound":837538745.8196517,"upper_bound":916335365.3304094},"point_estimate":874153018.3597403,"standard_error":20382445.472978827},"std_dev":{"confidence_interval":{"confidence_level":0.95,"lower_bound":26240757.602795303,"upper_bound":134892444.75093648},"point_estimate":95154730.27383313,"standard_error":30053154.47333569}}