{"mean":{"confidence_interval":{"confidence_level":0.95,"lower_bound":2818498247.0525002,"upper_bound":3205338759.16875},"point_estimate":3005265584.85,"standard_error":99034512.78650959},"median":{"confidence_interval":{"confidence_level":0.95,"lower_bound":2728848987.5,"upper_bound":3236115878.5},"point_estimate":3003774363.5,"standard_error":127650105.32835606},"median_abs_dev":{"confidence_interval":{"confidence_level":0.95,"lower_bound":94557451.63536966,"upper_bound":586322261.903049},"point_estimate":334733646.93223983,"standard_error":118759601.56751628},"slope":null,"std_dev":{"confidence_interval":{"confidence_level":0.95,"lower_bound":176973445.92022696,"upper_bound":431923971.0235186},"point_estimate":330012368.9924426,"standard_error":67659658.47172177}}