{"mean":{"confidence_interval":{"confidence_level":0.95,"lower_bound":-0.010268747375783522,"upper_bound":0.035414023961579534},"point_estimate":0.013037165153183317,"standard_error":0.011634920219362861},"median":{"confidence_interval":{"confidence_level":0.95,"lower_bound":-0.01483858600900756,"upper_bound":0.038382830442066584},"point_estimate":0.019994917159300796,"standard_error":0.014363556432589202}}