{"mean":{"confidence_interval":{"confidence_level":0.95,"lower_bound":1853660839.4633331,"upper_bound":2101110885.9666665},"point_estimate":1979250472.5333333,"standard_error":63160518.04193546},"median":{"confidence_interval":{"confidence_level":0.95,"lower_bound":1795490902.0,"upper_bound":2127485901.5},"point_estimate":2001549646.0,"standard_error":63777578.98019186},"median_abs_dev":{"confidence_interval":{"confidence_level":0.95,"lower_bound":22136794.35209334,"upper_bound":410252359.8229648},"point_estimate":117387064.70806307,"standard_error":103864550.16364005},"slope":null,"std_dev":{"confidence_interval":{"confidence_level":0.95,"lower_bound":108803570.76934232,"upper_bound":271284543.5559797},"point_estimate":210647150.01631534,"standard_error":42578906.85686118}}